Team,League_Pts,Played,Scored,Conceded,Delta,PPM,Rank
ODI 3,30,13,30,9,170,2.3076923076923075,1
MVC de Hangar 2,29,12,29,7,132,2.4166666666666665,2
ABC Volleybal 3,23,13,23,16,81,1.7692307692307692,3
Ledûb volleybal 1,20,13,20,19,26,1.5384615384615385,4
Primo 2,20,12,20,16,-5,1.6666666666666667,5
Best 4,18,12,18,18,41,1.5,6
Pegasus 1,14,12,14,22,-52,1.1666666666666667,7
PBF Volleybal 2,7,12,7,29,-180,0.5833333333333334,8
Bravo 3,7,13,7,32,-213,0.5384615384615384,9
