Team,League_Pts,Played,Scored,Conceded,Delta,PPM,Rank
ODI 3,28,12,28,8,160,2.3333333333333335,1
MVC de Hangar 2,26,11,26,7,116,2.3636363636363638,2
ABC Volleybal 3,20,12,20,16,39,1.6666666666666667,3
Primo 2,20,11,20,13,37,1.8181818181818181,4
Best 4,18,11,18,15,57,1.6363636363636365,5
Ledûb volleybal 1,16,11,16,17,19,1.4545454545454546,6
Pegasus 1,14,12,14,22,-52,1.1666666666666667,7
PBF Volleybal 2,7,11,7,26,-163,0.6363636363636364,8
Bravo 3,7,13,7,32,-213,0.5384615384615384,9
