Team,League_Pts,Played,Scored,Conceded,Delta,PPM,Rank
MVC de Hangar 2,35,14,35,7,210,2.5,1
ODI 3,33,14,33,9,189,2.357142857142857,2
ABC Volleybal 3,27,15,27,18,106,1.8,3
Best 4,23,14,23,19,92,1.6428571428571428,4
Ledûb volleybal 1,22,15,22,23,15,1.4666666666666666,5
Primo 2,22,15,22,23,-73,1.4666666666666666,6
Pegasus 1,16,14,16,26,-58,1.1428571428571428,7
PBF Volleybal 2,10,14,10,32,-189,0.7142857142857143,8
Bravo 3,7,15,7,38,-292,0.4666666666666667,9
