Team,League_Pts,Played,Scored,Conceded,Delta,PPM,Rank
MVC de Hangar 2,29,12,29,7,132,2.4166666666666665,1
ODI 3,28,12,28,8,160,2.3333333333333335,2
ABC Volleybal 3,20,12,20,16,39,1.6666666666666667,3
Primo 2,20,11,20,13,37,1.8181818181818181,4
Ledûb volleybal 1,19,12,19,17,36,1.5833333333333333,5
Best 4,18,12,18,18,41,1.5,6
Pegasus 1,14,12,14,22,-52,1.1666666666666667,7
PBF Volleybal 2,7,12,7,29,-180,0.5833333333333334,8
Bravo 3,7,13,7,32,-213,0.5384615384615384,9
