Team,League_Pts,Played,Scored,Conceded,Delta,PPM,Rank
ODI 3,25,11,25,8,132,2.272727272727273,1
MVC de Hangar 2,23,10,23,7,105,2.3,2
ABC Volleybal 3,19,11,19,14,43,1.7272727272727273,3
Best 4,18,10,18,12,65,1.8,4
Primo 2,17,10,17,13,29,1.7,5
Ledûb volleybal 1,16,10,16,14,30,1.6,6
Pegasus 1,12,11,12,21,-56,1.0909090909090908,7
Bravo 3,6,11,6,27,-185,0.5454545454545454,8
PBF Volleybal 2,5,10,5,25,-163,0.5,9
