Team,League_Pts,Played,Scored,Conceded,Delta,PPM,Rank
MVC de Hangar 2,32,13,32,7,167,2.4615384615384617,1
ODI 3,30,13,30,9,170,2.3076923076923075,2
ABC Volleybal 3,24,14,24,18,81,1.7142857142857142,3
Primo 2,21,13,21,18,-16,1.6153846153846154,4
Ledûb volleybal 1,20,13,20,19,26,1.5384615384615385,5
Best 4,18,12,18,18,41,1.5,6
Pegasus 1,16,14,16,26,-58,1.1428571428571428,7
PBF Volleybal 2,9,12,9,27,-163,0.75,8
Bravo 3,7,14,7,35,-248,0.5,9
