Team,League_Pts,Played,Scored,Conceded,Delta,PPM,Rank
MVC de Hangar 2,32,13,32,7,167,2.4615384615384617,1
ODI 3,30,13,30,9,170,2.3076923076923075,2
ABC Volleybal 3,24,14,24,18,81,1.7142857142857142,3
Ledûb volleybal 1,20,13,20,19,26,1.5384615384615385,4
Primo 2,20,12,20,16,-5,1.6666666666666667,5
Best 4,18,12,18,18,41,1.5,6
Pegasus 1,14,12,14,22,-52,1.1666666666666667,7
PBF Volleybal 2,9,13,9,30,-180,0.6923076923076923,8
Bravo 3,7,14,7,35,-248,0.5,9
