Team,League_Pts,Played,Scored,Conceded,Delta,PPM,Rank
MVC de Hangar 2,26,11,26,7,116,2.3636363636363638,1
ODI 3,25,11,25,8,132,2.272727272727273,2
ABC Volleybal 3,20,12,20,16,39,1.6666666666666667,3
Best 4,18,10,18,12,65,1.8,4
Primo 2,17,10,17,13,29,1.7,5
Ledûb volleybal 1,16,11,16,17,19,1.4545454545454546,6
Pegasus 1,14,12,14,22,-52,1.1666666666666667,7
Bravo 3,6,11,6,27,-185,0.5454545454545454,8
PBF Volleybal 2,5,10,5,25,-163,0.5,9
